{
	"format_version": "1.8.0",
	"animations": {
		"idle": {
			"loop": true,
			"bones": {
				"leave9": {
					"rotation": {
						"vector": [-60.77901, -24.29916, 110.44739]
					}
				},
				"leave10": {
					"rotation": {
						"vector": [29.9055, -2.49762, 4.33287]
					}
				},
				"leave11": {
					"rotation": {
						"vector": [32.40109, 2.68407, -4.22005]
					}
				},
				"leave1": {
					"rotation": {
						"vector": [-9.94275, -1.18417, -4.84707]
					}
				},
				"leave2": {
					"rotation": {
						"vector": [-24.97911, 1.05627, 2.26603]
					}
				},
				"leave3": {
					"rotation": {
						"vector": [-17.5, 0, 2.5]
					}
				},
				"leave7": {
					"rotation": {
						"vector": [-16.82801, -15.31183, -10.06988]
					}
				},
				"leave16": {
					"rotation": {
						"vector": [4.3513, 15.11963, 133.23512]
					}
				},
				"leave8": {
					"rotation": {
						"vector": [-14.97079, 3.53821, -6.12088]
					}
				},
				"leave4": {
					"rotation": {
						"vector": [-42.46868, -28.38267, -118.2295]
					}
				},
				"leave5": {
					"rotation": {
						"vector": [-15, 0, -5]
					}
				},
				"leave6": {
					"rotation": {
						"vector": [-15, 0, 2.5]
					}
				},
				"leave12": {
					"rotation": {
						"vector": [-29.97638, 1.2497, 2.16541]
					}
				},
				"leave13": {
					"rotation": {
						"vector": [-37.26251, 4.55749, 5.96275]
					}
				},
				"leave14": {
					"rotation": {
						"vector": [-32.47528, -1.34295, -2.10886]
					}
				},
				"leave17": {
					"rotation": {
						"vector": [20, 0, -5]
					}
				},
				"leave15": {
					"rotation": {
						"vector": [17.48436, 0.75155, -2.38443]
					}
				},
				"leave20": {
					"rotation": {
						"vector": [17.43745, -1.50179, 4.76968]
					}
				},
				"leave21": {
					"rotation": {
						"vector": [17.48436, -0.75155, 2.38443]
					}
				},
				"leave22": {
					"rotation": {
						"vector": [17.35932, 2.24944, -7.15656]
					}
				},
				"arrow": {
					"position": {
						"vector": [0, 0, 8]
					},
					"scale": {
						"vector": [0, 0, 0]
					}
				}
			}
		},
		"pull_3": {
			"animation_length": 3,
			"bones": {
				"top": {
					"rotation": {
						"0.0": {
							"vector": [0, 0, 0]
						},
						"3.0": {
							"vector": [-10, 0, 0]
						}
					}
				},
				"top4": {
					"rotation": {
						"0.0": {
							"vector": [0, 0, 0]
						},
						"3.0": {
							"vector": [-7.5, 0, 0]
						}
					}
				},
				"bottom": {
					"rotation": {
						"0.0": {
							"vector": [0, 0, 0]
						},
						"3.0": {
							"vector": [10, 0, 0]
						}
					}
				},
				"bottom4": {
					"rotation": {
						"0.0": {
							"vector": [0, 0, 0]
						},
						"3.0": {
							"vector": [7.5, 0, 0]
						}
					}
				},
				"string": {
					"position": {
						"0.0": {
							"vector": [0, 0, 13.25]
						},
						"3.0": {
							"vector": [0, 0, 13.25]
						}
					}
				},
				"string2": {
					"rotation": {
						"0.0": {
							"vector": [32.5, 0, 0]
						},
						"3.0": {
							"vector": [32.5, 0, 0]
						}
					}
				},
				"string3": {
					"rotation": {
						"0.0": {
							"vector": [0, 0, 0]
						},
						"3.0": {
							"vector": [-32.5, 0, 0]
						}
					}
				},
				"arrow": {
					"position": {
						"0.0": {
							"vector": [0, 0, -1.5]
						},
						"3.0": {
							"vector": [0, 0, 12.5]
						}
					},
					"scale": {
						"0.0": {
							"vector": [1, 1, 1]
						},
						"3.0": {
							"vector": [1, 1, 1]
						}
					}
				}
			}
		}
	},
	"geckolib_format_version": 2
}